<?xml version="1.0" encoding="UTF-8"?>
<configuration>
    <appender name="STDOUT" class="ch.qos.logback.core.ConsoleAppender">
        <encoder>
            <pattern> %d{dd-MM-yyyy HH:mm:ss.SSS} [%thread] %-5level %logger{36}.%M - %msg%n </pattern>
        </encoder>
    </appender>
    <appender name="SAVE-TO-FILE" class="ch.qos.logback.core.FileAppender">
        <file>logs/application.log</file>
        <encoder class="ch.qos.logback.classic.encoder.PatternLayoutEncoder">
            <Pattern> %d{dd-MM-yyyy HH:mm:ss.SSS} [%thread] %-5level %logger{36}.%M - %msg%n </Pattern>
        </encoder>
        </appender>
    <logger name="com.casestudy.InventoryService.controller" additivity="false" level="info">
        <appender-ref ref="SAVE-TO-FILE" />
        <appender-ref ref="STDOUT" />
    </logger>
     <logger name="com.casestudy.InventoryService.*" additivity="false" level="error">
        <appender-ref ref="SAVE-TO-FILE" />
        <appender-ref ref="STDOUT" />
    </logger>
    <root level="INFO">
        <appender-ref ref="STDOUT" />
    </root>
</configuration>